0,조한영,2010-02-29,293-2394,망 댜암 댜아 adkfjasf 00,29,192,39,2010-05-29
1,조한일,2008-04-20,010-0323-2034,충남 서산시 스타면 01,29,87,198,2009-01-20
2,화제,2011-02-20,010-2030-2039,추앙 댜아댱 니댱 니댜안 이 02,19,87,192,2011-07-20
3,조시구,2009-04-20,010-2032-2334,충남 스타면 에너지 절약 03,29,90,190,2009-12-20
4,조한이,2003-02-29,293-2394,망 댜암 댜아 04,29,192,39,2003-05-29
5,조한사,2008-04-20,010-0323-2034,충남 서산시 스타면 05,29,87,198,2009-01-20
6,화제군,2010-02-20,010-2030-2039,추앙 댜아댱 니댱 니댜안 이 06,19,87,192,2011-07-20
7,조양,2009-04-20,010-2032-2334,충남 스타면 에너지 절약 07,29,90,190,2009-12-20
8,조한칠,2003-02-29,293-2394,망 댜암 댜아 08,29,192,39,2003-05-29
9,오승환,2008-04-20,010-0323-2034,충남 서산시 스타면 09,29,87,198,2008-01-20
10,오승지,2008-04-20,010-0323-2034,충남 서산시 스타면 10,29,87,198,2008-01-20
11,장영식,2004-02-29,293-2394,망 댜암 댜아 12,29,192,39,2004-05-29
12,조한세,2004-02-29,293-2394,망 댜암 댜아 12,29,192,39,2004-05-29
13,류현진,2008-04-20,010-0323-2034,충남 서산시 스타면 13,29,87,198,2008-01-20
14,화제시,2011-02-20,010-2030-2039,추앙 댜아댱니 댱어도14,19,87,192,2011-07-20
15,조시군,2009-04-20,010-2032-2334,충남 스타면 에너지 절약 15,29,90,190,2009-12-20
16,조하잉,2003-02-29,293-2394,망 댜암 댜아 16,29,192,39,2003-05-29
17,박현준,2008-04-20,010-0323-2034,충남 서산시 스타면 17,29,87,198,2008-01-20
18,이승엽,2008-04-20,010-0323-2034,충남 서산시 스타면 17,29,87,198,2008-01-20
19,모상기,2011-04-20,010-1234-5678,충남 스타면 에너지 절약 19,29,90,190,2011-12-20
20,이대호,2011-04-20,010-2032-3493,충남 스타면 에너지 절약 20,29,90,190,2011-12-20
21,임창용,2004-02-29,293-2394,망 댜암 댜아 21,29,192,39,2004-05-29
22,윤석민,2008-04-20,010-0323-2034,충남 서산시 스타면 22,29,87,198,2008-01-20
23,가르시아,2011-02-20,010-2030-2039,추앙 댜아댱 니댱 니댜안 이 23,19,87,192,2011-07-20
24,제라드,2009-04-20,010-2032-2334,충남 스타면 에너지 절약 24,29,90,190,2009-12-20
25,말루다,2003-02-29,293-2394,망 댜암 댜아 25,29,192,39,2003-05-29
26,드록바,2008-04-20,010-0323-2034,충남 서산시 스타면 26,29,87,198,2008-01-20
27,박지성,2011-02-20,010-2030-2039,경상북도 포항시 제천 27,19,87,192,2011-07-20
28,박주영,2011-04-20,010-1234-5678,충남 스타면 에너지 절약 28,29,90,190,2011-12-20
29,지동원,2011-04-20,010-2032-3493,충남 스타면 에너지 절약 29,29,90,190,2011-12-20
30,류중일,2011-04-20,010-2032-3493,충남 스타면 에너지 절약 30,29,90,190,2011-12-20
